jar,client,rep,fault,case,armed,backoff,attempts,faults_served,wall_ms,wall_us,outcome,exception,cause,errorCode,statusCode,requestId,extendedRequestId,retryable,throttling,clockSkew,serviceName,rawResponse,message
baseline,v2-sync,1,none,control,-1,standard,1,0,262,262708,ok,-,-,-,-,-,-,-,-,-,-,-,-
baseline,v2-sync,1,throughput-exceeded,persistent,-1,standard,3,3,1248,1248202,throw,software.amazon.awssdk.services.dynamodb.model.ProvisionedThroughputExceededException,-,ProvisionedThroughputExceededException,400,FAULTREQID000000000000000,-,false,true,false,DynamoDb,present,injected_fault_(Service:_DynamoDb;_Status_Code:_400;_Request_ID:_FAULTREQID000000000000000)_(SDK_Attempt_Count:_3)
baseline,v2-sync,1,throughput-exceeded,transient,2,standard,3,2,852,852459,ok,-,-,-,-,-,-,-,-,-,-,-,-
baseline,v2-sync,1,throttling,persistent,-1,standard,3,3,1155,1155397,throw,software.amazon.awssdk.services.dynamodb.model.ThrottlingException,-,ThrottlingException,400,FAULTREQID000000000000000,-,false,true,false,DynamoDb,present,injected_fault_(Service:_DynamoDb;_Status_Code:_400;_Request_ID:_FAULTREQID000000000000000)_(SDK_Attempt_Count:_3)
baseline,v2-sync,1,throttling,transient,2,standard,3,2,664,664519,ok,-,-,-,-,-,-,-,-,-,-,-,-
baseline,v2-sync,1,internal-error,persistent,-1,standard,3,3,190,190077,throw,software.amazon.awssdk.services.dynamodb.model.InternalServerErrorException,-,InternalServerError,500,FAULTREQID000000000000000,-,false,false,false,DynamoDb,present,injected_fault_(Service:_DynamoDb;_Status_Code:_500;_Request_ID:_FAULTREQID000000000000000)_(SDK_Attempt_Count:_3)
baseline,v2-sync,1,internal-error,transient,2,standard,3,2,197,197060,ok,-,-,-,-,-,-,-,-,-,-,-,-
baseline,v2-sync,1,unavailable,persistent,-1,standard,3,3,189,189465,throw,software.amazon.awssdk.services.dynamodb.model.DynamoDbException,-,-,503,FAULTREQID000000000000000,-,false,false,false,DynamoDb,present,Service_returned_HTTP_status_code_503_(Service:_DynamoDb;_Status_Code:_503;_Request_ID:_FAULTREQID000000000000000)_(SDK_Attempt_Count:_3)
baseline,v2-sync,1,unavailable,transient,2,standard,3,2,39,39441,ok,-,-,-,-,-,-,-,-,-,-,-,-
baseline,v2-sync,1,unavailable-retry-after,persistent,-1,standard,3,3,2010,2010158,throw,software.amazon.awssdk.services.dynamodb.model.DynamoDbException,-,-,503,FAULTREQID000000000000000,-,false,false,false,DynamoDb,present,Service_returned_HTTP_status_code_503_(Service:_DynamoDb;_Status_Code:_503;_Request_ID:_FAULTREQID000000000000000)_(SDK_Attempt_Count:_3)
baseline,v2-sync,1,unavailable-retry-after,transient,2,standard,3,2,2009,2009928,ok,-,-,-,-,-,-,-,-,-,-,-,-
baseline,v2-sync,1,resource-not-found,persistent,-1,standard,1,1,23,23455,throw,software.amazon.awssdk.services.dynamodb.model.ResourceNotFoundException,-,ResourceNotFoundException,400,FAULTREQID000000000000000,-,false,false,false,DynamoDb,present,injected_fault_(Service:_DynamoDb;_Status_Code:_400;_Request_ID:_FAULTREQID000000000000000)_(SDK_Attempt_Count:_1)
baseline,v2-sync,1,resource-not-found,transient,2,standard,1,1,4,4741,throw,software.amazon.awssdk.services.dynamodb.model.ResourceNotFoundException,-,ResourceNotFoundException,400,FAULTREQID000000000000000,-,false,false,false,DynamoDb,present,injected_fault_(Service:_DynamoDb;_Status_Code:_400;_Request_ID:_FAULTREQID000000000000000)_(SDK_Attempt_Count:_1)
baseline,v2-sync,1,conditional-check-failed,persistent,-1,standard,1,1,8,8541,throw,software.amazon.awssdk.services.dynamodb.model.ConditionalCheckFailedException,-,ConditionalCheckFailedException,400,FAULTREQID000000000000000,-,false,false,false,DynamoDb,present,injected_fault_(Service:_DynamoDb;_Status_Code:_400;_Request_ID:_FAULTREQID000000000000000)_(SDK_Attempt_Count:_1)
baseline,v2-sync,1,conditional-check-failed,transient,2,standard,1,1,3,3720,throw,software.amazon.awssdk.services.dynamodb.model.ConditionalCheckFailedException,-,ConditionalCheckFailedException,400,FAULTREQID000000000000000,-,false,false,false,DynamoDb,present,injected_fault_(Service:_DynamoDb;_Status_Code:_400;_Request_ID:_FAULTREQID000000000000000)_(SDK_Attempt_Count:_1)
baseline,v2-sync,1,malformed-body,persistent,-1,standard,3,3,151,151317,throw,software.amazon.awssdk.core.exception.SdkClientException,java.io.UncheckedIOException,-,-,-,-,false,-,-,-,-,Unable_to_unmarshall_response_(software.amazon.awssdk.thirdparty.jackson.core.io.JsonEOFException:_Unexpected_end-of-input_in_VALUE_STRING_at_[Source:_(software...
baseline,v2-sync,1,malformed-body,transient,2,standard,3,2,56,56568,ok,-,-,-,-,-,-,-,-,-,-,-,-
baseline,v2-sync,1,empty-500,persistent,-1,standard,3,3,116,116642,throw,software.amazon.awssdk.services.dynamodb.model.DynamoDbException,-,-,500,FAULTREQID000000000000000,-,false,false,false,DynamoDb,present,Service_returned_HTTP_status_code_500_(Service:_DynamoDb;_Status_Code:_500;_Request_ID:_FAULTREQID000000000000000)_(SDK_Attempt_Count:_3)
baseline,v2-sync,1,empty-500,transient,2,standard,3,2,244,244710,ok,-,-,-,-,-,-,-,-,-,-,-,-
baseline,v2-sync,1,truncated-stream,persistent,-1,standard,3,3,156,156648,throw,software.amazon.awssdk.core.exception.SdkClientException,java.io.UncheckedIOException,-,-,-,-,false,-,-,-,-,Unable_to_unmarshall_response_(org.apache.hc.core5.http.ConnectionClosedException:_Premature_end_of_Content-Length_delimited_message_body_(expected:_89;_receive...
baseline,v2-sync,1,truncated-stream,transient,2,standard,3,2,184,184531,ok,-,-,-,-,-,-,-,-,-,-,-,-
baseline,v2-sync,1,connection-reset,persistent,-1,standard,3,3,120,120270,throw,software.amazon.awssdk.core.exception.SdkClientException,org.apache.hc.core5.http.NoHttpResponseException,-,-,-,-,false,-,-,-,-,Unable_to_execute_HTTP_request:_The_target_server_failed_to_respond_(SDK_Attempt_Count:_3)
baseline,v2-sync,1,connection-reset,transient,2,standard,3,2,22,22000,ok,-,-,-,-,-,-,-,-,-,-,-,-
baseline,v2-sync,2,none,control,-1,standard,1,0,3,3995,ok,-,-,-,-,-,-,-,-,-,-,-,-
baseline,v2-sync,2,throughput-exceeded,persistent,-1,standard,3,3,2299,2299668,throw,software.amazon.awssdk.services.dynamodb.model.ProvisionedThroughputExceededException,-,ProvisionedThroughputExceededException,400,FAULTREQID000000000000000,-,false,true,false,DynamoDb,present,injected_fault_(Service:_DynamoDb;_Status_Code:_400;_Request_ID:_FAULTREQID000000000000000)_(SDK_Attempt_Count:_3)
baseline,v2-sync,2,throughput-exceeded,transient,2,standard,3,2,1271,1271557,ok,-,-,-,-,-,-,-,-,-,-,-,-
baseline,v2-sync,2,throttling,persistent,-1,standard,3,3,1171,1171479,throw,software.amazon.awssdk.services.dynamodb.model.ThrottlingException,-,ThrottlingException,400,FAULTREQID000000000000000,-,false,true,false,DynamoDb,present,injected_fault_(Service:_DynamoDb;_Status_Code:_400;_Request_ID:_FAULTREQID000000000000000)_(SDK_Attempt_Count:_3)
baseline,v2-sync,2,throttling,transient,2,standard,3,2,2105,2105142,ok,-,-,-,-,-,-,-,-,-,-,-,-
baseline,v2-sync,2,internal-error,persistent,-1,standard,3,3,262,262695,throw,software.amazon.awssdk.services.dynamodb.model.InternalServerErrorException,-,InternalServerError,500,FAULTREQID000000000000000,-,false,false,false,DynamoDb,present,injected_fault_(Service:_DynamoDb;_Status_Code:_500;_Request_ID:_FAULTREQID000000000000000)_(SDK_Attempt_Count:_3)
baseline,v2-sync,2,internal-error,transient,2,standard,3,2,160,160677,ok,-,-,-,-,-,-,-,-,-,-,-,-
baseline,v2-sync,2,unavailable,persistent,-1,standard,3,3,79,79986,throw,software.amazon.awssdk.services.dynamodb.model.DynamoDbException,-,-,503,FAULTREQID000000000000000,-,false,false,false,DynamoDb,present,Service_returned_HTTP_status_code_503_(Service:_DynamoDb;_Status_Code:_503;_Request_ID:_FAULTREQID000000000000000)_(SDK_Attempt_Count:_3)
baseline,v2-sync,2,unavailable,transient,2,standard,3,2,249,249167,ok,-,-,-,-,-,-,-,-,-,-,-,-
baseline,v2-sync,2,unavailable-retry-after,persistent,-1,standard,3,3,2008,2008519,throw,software.amazon.awssdk.services.dynamodb.model.DynamoDbException,-,-,503,FAULTREQID000000000000000,-,false,false,false,DynamoDb,present,Service_returned_HTTP_status_code_503_(Service:_DynamoDb;_Status_Code:_503;_Request_ID:_FAULTREQID000000000000000)_(SDK_Attempt_Count:_3)
baseline,v2-sync,2,unavailable-retry-after,transient,2,standard,3,2,2009,2009098,ok,-,-,-,-,-,-,-,-,-,-,-,-
baseline,v2-sync,2,resource-not-found,persistent,-1,standard,1,1,4,4090,throw,software.amazon.awssdk.services.dynamodb.model.ResourceNotFoundException,-,ResourceNotFoundException,400,FAULTREQID000000000000000,-,false,false,false,DynamoDb,present,injected_fault_(Service:_DynamoDb;_Status_Code:_400;_Request_ID:_FAULTREQID000000000000000)_(SDK_Attempt_Count:_1)
baseline,v2-sync,2,resource-not-found,transient,2,standard,1,1,3,3402,throw,software.amazon.awssdk.services.dynamodb.model.ResourceNotFoundException,-,ResourceNotFoundException,400,FAULTREQID000000000000000,-,false,false,false,DynamoDb,present,injected_fault_(Service:_DynamoDb;_Status_Code:_400;_Request_ID:_FAULTREQID000000000000000)_(SDK_Attempt_Count:_1)
baseline,v2-sync,2,conditional-check-failed,persistent,-1,standard,1,1,2,2994,throw,software.amazon.awssdk.services.dynamodb.model.ConditionalCheckFailedException,-,ConditionalCheckFailedException,400,FAULTREQID000000000000000,-,false,false,false,DynamoDb,present,injected_fault_(Service:_DynamoDb;_Status_Code:_400;_Request_ID:_FAULTREQID000000000000000)_(SDK_Attempt_Count:_1)
baseline,v2-sync,2,conditional-check-failed,transient,2,standard,1,1,2,2550,throw,software.amazon.awssdk.services.dynamodb.model.ConditionalCheckFailedException,-,ConditionalCheckFailedException,400,FAULTREQID000000000000000,-,false,false,false,DynamoDb,present,injected_fault_(Service:_DynamoDb;_Status_Code:_400;_Request_ID:_FAULTREQID000000000000000)_(SDK_Attempt_Count:_1)
baseline,v2-sync,2,malformed-body,persistent,-1,standard,3,3,156,156008,throw,software.amazon.awssdk.core.exception.SdkClientException,java.io.UncheckedIOException,-,-,-,-,false,-,-,-,-,Unable_to_unmarshall_response_(software.amazon.awssdk.thirdparty.jackson.core.io.JsonEOFException:_Unexpected_end-of-input_in_VALUE_STRING_at_[Source:_(software...
baseline,v2-sync,2,malformed-body,transient,2,standard,3,2,81,81571,ok,-,-,-,-,-,-,-,-,-,-,-,-
baseline,v2-sync,2,empty-500,persistent,-1,standard,3,3,102,102009,throw,software.amazon.awssdk.services.dynamodb.model.DynamoDbException,-,-,500,FAULTREQID000000000000000,-,false,false,false,DynamoDb,present,Service_returned_HTTP_status_code_500_(Service:_DynamoDb;_Status_Code:_500;_Request_ID:_FAULTREQID000000000000000)_(SDK_Attempt_Count:_3)
baseline,v2-sync,2,empty-500,transient,2,standard,3,2,172,172198,ok,-,-,-,-,-,-,-,-,-,-,-,-
baseline,v2-sync,2,truncated-stream,persistent,-1,standard,3,3,153,153431,throw,software.amazon.awssdk.core.exception.SdkClientException,java.io.UncheckedIOException,-,-,-,-,false,-,-,-,-,Unable_to_unmarshall_response_(org.apache.hc.core5.http.ConnectionClosedException:_Premature_end_of_Content-Length_delimited_message_body_(expected:_89;_receive...
baseline,v2-sync,2,truncated-stream,transient,2,standard,3,2,121,121575,ok,-,-,-,-,-,-,-,-,-,-,-,-
baseline,v2-sync,2,connection-reset,persistent,-1,standard,3,3,103,103849,throw,software.amazon.awssdk.core.exception.SdkClientException,org.apache.hc.core5.http.NoHttpResponseException,-,-,-,-,false,-,-,-,-,Unable_to_execute_HTTP_request:_The_target_server_failed_to_respond_(SDK_Attempt_Count:_3)
baseline,v2-sync,2,connection-reset,transient,2,standard,3,2,276,276217,ok,-,-,-,-,-,-,-,-,-,-,-,-
bridge,v2-sync,1,none,control,-1,standard,1,0,192,192692,ok,-,-,-,-,-,-,-,-,-,-,-,-
bridge,v2-sync,1,throughput-exceeded,persistent,-1,standard,3,3,738,738167,throw,software.amazon.awssdk.services.dynamodb.model.ProvisionedThroughputExceededException,-,ProvisionedThroughputExceededException,400,FAULTREQID000000000000000,-,false,true,false,DynamoDb,absent,(Service:_DynamoDb;_Status_Code:_400;_Request_ID:_FAULTREQID000000000000000)
bridge,v2-sync,1,throughput-exceeded,transient,2,standard,3,2,2448,2448700,ok,-,-,-,-,-,-,-,-,-,-,-,-
bridge,v2-sync,1,throttling,persistent,-1,standard,3,3,937,937408,throw,software.amazon.awssdk.services.dynamodb.model.ThrottlingException,-,ThrottlingException,400,FAULTREQID000000000000000,-,false,true,false,DynamoDb,absent,(Service:_DynamoDb;_Status_Code:_400;_Request_ID:_FAULTREQID000000000000000)
bridge,v2-sync,1,throttling,transient,2,standard,3,2,2369,2369246,ok,-,-,-,-,-,-,-,-,-,-,-,-
bridge,v2-sync,1,internal-error,persistent,-1,standard,3,3,133,133825,throw,software.amazon.awssdk.services.dynamodb.model.InternalServerErrorException,-,InternalServerError,500,FAULTREQID000000000000000,-,false,false,false,DynamoDb,absent,(Service:_DynamoDb;_Status_Code:_500;_Request_ID:_FAULTREQID000000000000000)
bridge,v2-sync,1,internal-error,transient,2,standard,3,2,50,50554,ok,-,-,-,-,-,-,-,-,-,-,-,-
bridge,v2-sync,1,unavailable,persistent,-1,standard,3,3,282,282232,throw,software.amazon.awssdk.services.dynamodb.model.DynamoDbException,-,-,503,FAULTREQID000000000000000,-,false,false,false,DynamoDb,absent,Service_returned_HTTP_status_code_503_(Service:_DynamoDb;_Status_Code:_503;_Request_ID:_FAULTREQID000000000000000)
bridge,v2-sync,1,unavailable,transient,2,standard,3,2,112,112549,ok,-,-,-,-,-,-,-,-,-,-,-,-
bridge,v2-sync,1,unavailable-retry-after,persistent,-1,standard,3,3,2010,2010594,throw,software.amazon.awssdk.services.dynamodb.model.DynamoDbException,-,-,503,FAULTREQID000000000000000,-,false,false,false,DynamoDb,absent,Service_returned_HTTP_status_code_503_(Service:_DynamoDb;_Status_Code:_503;_Request_ID:_FAULTREQID000000000000000)
bridge,v2-sync,1,unavailable-retry-after,transient,2,standard,3,2,2010,2010393,ok,-,-,-,-,-,-,-,-,-,-,-,-
bridge,v2-sync,1,resource-not-found,persistent,-1,standard,1,1,4,4459,throw,software.amazon.awssdk.services.dynamodb.model.ResourceNotFoundException,-,ResourceNotFoundException,400,FAULTREQID000000000000000,-,false,false,false,DynamoDb,absent,(Service:_DynamoDb;_Status_Code:_400;_Request_ID:_FAULTREQID000000000000000)
bridge,v2-sync,1,resource-not-found,transient,2,standard,1,1,3,3712,throw,software.amazon.awssdk.services.dynamodb.model.ResourceNotFoundException,-,ResourceNotFoundException,400,FAULTREQID000000000000000,-,false,false,false,DynamoDb,absent,(Service:_DynamoDb;_Status_Code:_400;_Request_ID:_FAULTREQID000000000000000)
bridge,v2-sync,1,conditional-check-failed,persistent,-1,standard,1,1,2,2879,throw,software.amazon.awssdk.services.dynamodb.model.DynamoDbException,-,ConditionalCheckFailedException,400,FAULTREQID000000000000000,-,false,false,false,DynamoDb,absent,Service_returned_error_code_ConditionalCheckFailedException_(Service:_DynamoDb;_Status_Code:_400;_Request_ID:_FAULTREQID000000000000000)
bridge,v2-sync,1,conditional-check-failed,transient,2,standard,1,1,2,2760,throw,software.amazon.awssdk.services.dynamodb.model.DynamoDbException,-,ConditionalCheckFailedException,400,FAULTREQID000000000000000,-,false,false,false,DynamoDb,absent,Service_returned_error_code_ConditionalCheckFailedException_(Service:_DynamoDb;_Status_Code:_400;_Request_ID:_FAULTREQID000000000000000)
bridge,v2-sync,1,malformed-body,persistent,-1,standard,3,3,201,201369,throw,software.amazon.smithy.java.core.serde.SerializationException,software.amazon.smithy.java.core.serde.SerializationException,-,-,-,-,-,-,-,-,-,Unexpected_end-of-input_in_VALUE_STRING_at_[Source:_REDACTED_(`StreamReadFeature.INCLUDE_SOURCE_IN_LOCATION`_disabled);_byte_offset:_#25]
bridge,v2-sync,1,malformed-body,transient,2,standard,3,2,197,197323,ok,-,-,-,-,-,-,-,-,-,-,-,-
bridge,v2-sync,1,empty-500,persistent,-1,standard,3,3,285,285211,throw,software.amazon.awssdk.services.dynamodb.model.DynamoDbException,-,-,500,FAULTREQID000000000000000,-,false,false,false,DynamoDb,absent,Service_returned_HTTP_status_code_500_(Service:_DynamoDb;_Status_Code:_500;_Request_ID:_FAULTREQID000000000000000)
bridge,v2-sync,1,empty-500,transient,2,standard,3,2,63,63528,ok,-,-,-,-,-,-,-,-,-,-,-,-
bridge,v2-sync,1,truncated-stream,persistent,-1,standard,3,3,51,51279,throw,java.io.UncheckedIOException,org.apache.hc.core5.http.ConnectionClosedException,-,-,-,-,-,-,-,-,-,org.apache.hc.core5.http.ConnectionClosedException:_Premature_end_of_Content-Length_delimited_message_body_(expected:_89;_received:_25)
bridge,v2-sync,1,truncated-stream,transient,2,standard,3,2,224,224206,ok,-,-,-,-,-,-,-,-,-,-,-,-
bridge,v2-sync,1,connection-reset,persistent,-1,standard,3,3,132,132042,throw,software.amazon.awssdk.core.exception.SdkClientException,software.amazon.smithy.java.client.core.error.TransportException,-,-,-,-,false,-,-,-,-,The_target_server_failed_to_respond
bridge,v2-sync,1,connection-reset,transient,2,standard,3,2,65,65841,ok,-,-,-,-,-,-,-,-,-,-,-,-
bridge,v2-sync,2,none,control,-1,standard,1,0,3,3071,ok,-,-,-,-,-,-,-,-,-,-,-,-
bridge,v2-sync,2,throughput-exceeded,persistent,-1,standard,3,3,2592,2592421,throw,software.amazon.awssdk.services.dynamodb.model.ProvisionedThroughputExceededException,-,ProvisionedThroughputExceededException,400,FAULTREQID000000000000000,-,false,true,false,DynamoDb,absent,(Service:_DynamoDb;_Status_Code:_400;_Request_ID:_FAULTREQID000000000000000)
bridge,v2-sync,2,throughput-exceeded,transient,2,standard,3,2,2149,2149844,ok,-,-,-,-,-,-,-,-,-,-,-,-
bridge,v2-sync,2,throttling,persistent,-1,standard,3,3,1063,1063631,throw,software.amazon.awssdk.services.dynamodb.model.ThrottlingException,-,ThrottlingException,400,FAULTREQID000000000000000,-,false,true,false,DynamoDb,absent,(Service:_DynamoDb;_Status_Code:_400;_Request_ID:_FAULTREQID000000000000000)
bridge,v2-sync,2,throttling,transient,2,standard,3,2,2076,2076682,ok,-,-,-,-,-,-,-,-,-,-,-,-
bridge,v2-sync,2,internal-error,persistent,-1,standard,3,3,192,192445,throw,software.amazon.awssdk.services.dynamodb.model.InternalServerErrorException,-,InternalServerError,500,FAULTREQID000000000000000,-,false,false,false,DynamoDb,absent,(Service:_DynamoDb;_Status_Code:_500;_Request_ID:_FAULTREQID000000000000000)
bridge,v2-sync,2,internal-error,transient,2,standard,3,2,191,191743,ok,-,-,-,-,-,-,-,-,-,-,-,-
bridge,v2-sync,2,unavailable,persistent,-1,standard,3,3,168,168337,throw,software.amazon.awssdk.services.dynamodb.model.DynamoDbException,-,-,503,FAULTREQID000000000000000,-,false,false,false,DynamoDb,absent,Service_returned_HTTP_status_code_503_(Service:_DynamoDb;_Status_Code:_503;_Request_ID:_FAULTREQID000000000000000)
bridge,v2-sync,2,unavailable,transient,2,standard,3,2,150,150392,ok,-,-,-,-,-,-,-,-,-,-,-,-
bridge,v2-sync,2,unavailable-retry-after,persistent,-1,standard,3,3,2008,2008615,throw,software.amazon.awssdk.services.dynamodb.model.DynamoDbException,-,-,503,FAULTREQID000000000000000,-,false,false,false,DynamoDb,absent,Service_returned_HTTP_status_code_503_(Service:_DynamoDb;_Status_Code:_503;_Request_ID:_FAULTREQID000000000000000)
bridge,v2-sync,2,unavailable-retry-after,transient,2,standard,3,2,2007,2007877,ok,-,-,-,-,-,-,-,-,-,-,-,-
bridge,v2-sync,2,resource-not-found,persistent,-1,standard,1,1,2,2768,throw,software.amazon.awssdk.services.dynamodb.model.ResourceNotFoundException,-,ResourceNotFoundException,400,FAULTREQID000000000000000,-,false,false,false,DynamoDb,absent,(Service:_DynamoDb;_Status_Code:_400;_Request_ID:_FAULTREQID000000000000000)
bridge,v2-sync,2,resource-not-found,transient,2,standard,1,1,2,2588,throw,software.amazon.awssdk.services.dynamodb.model.ResourceNotFoundException,-,ResourceNotFoundException,400,FAULTREQID000000000000000,-,false,false,false,DynamoDb,absent,(Service:_DynamoDb;_Status_Code:_400;_Request_ID:_FAULTREQID000000000000000)
bridge,v2-sync,2,conditional-check-failed,persistent,-1,standard,1,1,2,2342,throw,software.amazon.awssdk.services.dynamodb.model.DynamoDbException,-,ConditionalCheckFailedException,400,FAULTREQID000000000000000,-,false,false,false,DynamoDb,absent,Service_returned_error_code_ConditionalCheckFailedException_(Service:_DynamoDb;_Status_Code:_400;_Request_ID:_FAULTREQID000000000000000)
bridge,v2-sync,2,conditional-check-failed,transient,2,standard,1,1,2,2392,throw,software.amazon.awssdk.services.dynamodb.model.DynamoDbException,-,ConditionalCheckFailedException,400,FAULTREQID000000000000000,-,false,false,false,DynamoDb,absent,Service_returned_error_code_ConditionalCheckFailedException_(Service:_DynamoDb;_Status_Code:_400;_Request_ID:_FAULTREQID000000000000000)
bridge,v2-sync,2,malformed-body,persistent,-1,standard,3,3,39,39616,throw,software.amazon.smithy.java.core.serde.SerializationException,software.amazon.smithy.java.core.serde.SerializationException,-,-,-,-,-,-,-,-,-,Unexpected_end-of-input_in_VALUE_STRING_at_[Source:_REDACTED_(`StreamReadFeature.INCLUDE_SOURCE_IN_LOCATION`_disabled);_byte_offset:_#25]
bridge,v2-sync,2,malformed-body,transient,2,standard,3,2,171,171363,ok,-,-,-,-,-,-,-,-,-,-,-,-
bridge,v2-sync,2,empty-500,persistent,-1,standard,3,3,47,47463,throw,software.amazon.awssdk.services.dynamodb.model.DynamoDbException,-,-,500,FAULTREQID000000000000000,-,false,false,false,DynamoDb,absent,Service_returned_HTTP_status_code_500_(Service:_DynamoDb;_Status_Code:_500;_Request_ID:_FAULTREQID000000000000000)
bridge,v2-sync,2,empty-500,transient,2,standard,3,2,193,193237,ok,-,-,-,-,-,-,-,-,-,-,-,-
bridge,v2-sync,2,truncated-stream,persistent,-1,standard,3,3,48,48289,throw,java.io.UncheckedIOException,org.apache.hc.core5.http.ConnectionClosedException,-,-,-,-,-,-,-,-,-,org.apache.hc.core5.http.ConnectionClosedException:_Premature_end_of_Content-Length_delimited_message_body_(expected:_89;_received:_25)
bridge,v2-sync,2,truncated-stream,transient,2,standard,3,2,256,256059,ok,-,-,-,-,-,-,-,-,-,-,-,-
bridge,v2-sync,2,connection-reset,persistent,-1,standard,3,3,234,234325,throw,software.amazon.awssdk.core.exception.SdkClientException,software.amazon.smithy.java.client.core.error.TransportException,-,-,-,-,false,-,-,-,-,The_target_server_failed_to_respond
bridge,v2-sync,2,connection-reset,transient,2,standard,3,2,142,142793,ok,-,-,-,-,-,-,-,-,-,-,-,-
