client,scenario,iterations,wall_ms,ops_per_wall_sec,cpu_ms,cpu_user_ms,cpu_sys_ms,ops_per_cpu_sec,ops_per_user_cpu_sec,avg_us_per_op,phase,commit,sdk_commit,concurrency,async_mode,transport,cpu_us_per_op,mean_lat_us,p50_us,p90_us,p99_us,p999_us,max_us,server_cpu_ms,server_requests,server_saturated,app_cpu_ms,app_cpu_us_per_op,unattributed_cpu_ms,jit_ms,gc_ms,gc_count,steady_state,warmup_ops,warmup_settled
v2-async,small-get,50000,5153,9702.4,9600,7840,1760,5208.3,6377.6,103.1,async-stock,c1d88972e18,published-2.46.10,16,inflight,crt,192.0,764.6,426.9,1371.5,6829.0,13908.1,24155.0,5560,50000,false,8355,167.1,1245,1273,33,23,false,150000,true
v2-async,small-get,50000,3672,13616.5,7120,5110,2010,7022.5,9784.7,73.4,async-bridge,c1d88972e18,c1d88972e18-plus-async-wip,16,inflight,crt,142.4,1162.2,1019.4,1878.8,4134.9,13737.9,18988.0,4710,50000,false,6724,134.5,396,383,28,21,false,247500,true
v2-async-netty,small-get,50000,7315,6835.1,14000,10550,3450,3571.4,4739.3,146.3,async-stock,c1d88972e18,published-2.46.10,16,inflight,netty,280.0,1369.7,1157.3,2154.8,4726.2,16915.2,46546.7,6830,50000,false,11098,222.0,2902,4185,48,28,false,210000,true
v2-async-netty,small-get,50000,4726,10578.7,8810,5740,3070,5675.4,8710.8,94.5,async-bridge,c1d88972e18,c1d88972e18-plus-async-wip,16,inflight,netty,176.2,1502.2,1357.9,1973.0,4506.3,16231.8,24226.9,5890,50000,false,8335,166.7,475,371,39,25,false,232500,true
v2-sync,small-get,50000,6783,7370.9,13470,11630,1840,3712.0,4299.2,135.7,async-stock,c1d88972e18,published-2.46.10,16,n/a,apache5,269.4,2107.3,1866.4,2738.4,11594.5,41879.5,117621.1,6320,50000,false,11822,236.4,1648,6587,48,30,false,300000,false
v2-sync,small-get,50000,2736,18273.7,5290,4190,1100,9451.8,11933.2,54.7,async-bridge,c1d88972e18,c1d88972e18-plus-async-wip,16,n/a,apache5,105.8,851.8,766.2,1008.4,2374.0,18227.5,71710.9,4740,50000,false,4855,97.1,435,428,22,18,false,615000,false
v2-async,small-put,50000,4662,10724.5,8890,7340,1550,5624.3,6812.0,93.2,async-stock,c1d88972e18,published-2.46.10,16,inflight,crt,177.8,402.8,308.3,562.2,1600.5,10920.7,17276.4,5660,50000,false,7805,156.1,1085,1035,35,27,false,150000,true
v2-async,small-put,50000,3571,14002.8,6940,5290,1650,7204.6,9451.8,71.4,async-bridge,c1d88972e18,c1d88972e18-plus-async-wip,16,inflight,crt,138.8,1129.9,962.9,1850.6,4639.4,12903.4,22913.3,5100,50000,false,6182,123.6,758,775,29,22,false,232500,true
v2-async-netty,small-put,50000,6737,7422.1,12470,8920,3550,4009.6,5605.4,134.7,async-stock,c1d88972e18,published-2.46.10,16,inflight,netty,249.4,1187.0,966.8,1823.0,5213.3,21482.7,26049.6,6810,50000,false,10920,218.4,1550,1764,44,27,false,187500,true
v2-async-netty,small-put,50000,4910,10183.6,9000,5900,3100,5555.6,8474.6,98.2,async-bridge,c1d88972e18,c1d88972e18-plus-async-wip,16,inflight,netty,180.0,1563.1,1364.3,2078.2,6867.5,16904.3,23194.6,6470,50000,false,8283,165.7,717,846,41,25,false,262500,true
v2-sync,small-put,50000,5014,9971.8,10000,8560,1440,5000.0,5841.1,100.3,async-stock,c1d88972e18,published-2.46.10,16,n/a,apache5,200.0,1567.5,1370.1,1816.6,9417.4,33692.9,174296.3,6090,50000,false,8741,174.8,1259,4978,39,24,false,322500,false
v2-sync,small-put,50000,2700,18518.0,5250,3950,1300,9523.8,12658.2,54.0,async-bridge,c1d88972e18,c1d88972e18-plus-async-wip,16,n/a,apache5,105.0,822.5,733.5,1149.3,2233.9,19116.7,61544.0,5150,50000,false,4868,97.4,382,594,24,16,false,675000,false
v2-async,batch-get,50000,17122,2920.2,32760,30190,2570,1526.3,1656.2,342.4,async-stock,c1d88972e18,published-2.46.10,16,inflight,crt,655.2,5454.7,6608.4,10403.9,19092.4,29025.2,34655.2,6650,50000,false,31343,626.9,1417,1130,259,105,false,82500,true
v2-async,batch-get,50000,14863,3364.1,28650,25160,3490,1745.2,1987.3,297.3,async-bridge,c1d88972e18,c1d88972e18-plus-async-wip,16,inflight,crt,573.0,4748.7,4313.5,7237.3,16697.5,33293.0,126612.5,6920,50000,false,27675,553.5,975,512,146,100,false,82500,true
v2-async-netty,batch-get,50000,21772,2296.5,37570,34290,3280,1330.8,1458.2,435.4,async-stock,c1d88972e18,published-2.46.10,16,inflight,netty,751.4,6943.7,6450.0,9522.9,20587.3,40340.9,54148.7,7450,50000,false,35394,707.9,2176,1629,409,85,false,112500,false
v2-async-netty,batch-get,50000,19897,2513.0,37800,30030,7770,1322.8,1665.0,397.9,async-bridge,c1d88972e18,c1d88972e18-plus-async-wip,16,inflight,netty,756.0,6355.4,4344.7,9743.2,44894.0,166631.4,239626.1,7260,50000,false,36710,734.2,1090,506,200,119,false,127500,false
v2-sync,batch-get,50000,17937,2787.6,35640,33000,2640,1402.9,1515.2,358.7,async-stock,c1d88972e18,published-2.46.10,16,n/a,apache5,712.8,5623.5,4900.4,7247.7,25078.0,100298.6,125828.9,7400,50000,false,31474,629.5,4166,18643,193,96,false,120000,false
v2-sync,batch-get,50000,13550,3690.1,26270,24140,2130,1903.3,2071.3,271.0,async-bridge,c1d88972e18,c1d88972e18-plus-async-wip,16,n/a,apache5,525.4,4248.5,3961.1,5204.2,19923.4,30224.1,158900.7,6930,50000,false,25131,502.6,1139,573,139,90,false,157500,false
v2-async,batch-put,50000,39182,1276.1,45670,43280,2390,1094.8,1155.3,783.6,async-stock,c1d88972e18,published-2.46.10,16,inflight,crt,913.4,983.0,936.8,990.6,2106.7,11189.0,31615.8,7710,50000,false,44107,882.1,1563,1253,241,216,false,45000,true
v2-async,batch-put,50000,12519,3994.0,24150,21330,2820,2070.4,2344.1,250.4,async-bridge,c1d88972e18,c1d88972e18-plus-async-wip,16,inflight,crt,483.0,3988.9,3591.1,5209.9,10999.1,19433.3,34096.4,7410,50000,false,23366,467.3,784,425,97,78,false,127500,true
v2-async-netty,batch-put,50000,36360,1375.1,49420,43810,5610,1011.7,1141.3,727.2,async-stock,c1d88972e18,published-2.46.10,16,inflight,netty,988.4,1108.6,938.4,1021.2,7136.9,17737.4,32653.2,8260,50000,false,46900,938.0,2520,2362,275,150,false,75000,false
v2-async-netty,batch-put,50000,16699,2994.2,31520,24330,7190,1586.3,2055.1,334.0,async-bridge,c1d88972e18,c1d88972e18-plus-async-wip,16,inflight,netty,630.4,5330.0,4855.1,8493.3,18548.1,39373.2,424072.6,8930,50000,false,30713,614.3,807,501,118,78,false,157500,false
v2-sync,batch-put,50000,22574,2215.0,44970,41670,3300,1111.9,1199.9,451.5,async-stock,c1d88972e18,published-2.46.10,16,n/a,apache5,899.4,7104.3,6484.9,9252.7,21780.5,67283.3,125819.2,8660,50000,false,40873,817.5,4097,23716,162,97,false,112500,false
v2-sync,batch-put,50000,11905,4199.8,23370,19730,3640,2139.5,2534.2,238.1,async-bridge,c1d88972e18,c1d88972e18-plus-async-wip,16,n/a,apache5,467.4,3706.3,3557.6,4931.4,12952.7,28035.0,68039.6,7930,50000,false,22546,450.9,824,944,84,62,false,180000,true
